#lib order,sample,N° étiquettes,Phénotype 2016+2017,tag order,Barcode
1,FIc001,2013-5.P-1,G2,1,CGATG-TGTGACCG
2,FIc002,2013-5.P-2,G2,2,GCTAGA-ATCACAC
3,FIc003,2013-5.P-3,G2,3,ATGCCGA-CAGCTG
4,FIc004,2013-5.P-4,M,4,TACGCACA-GCATG
5,FIc005,2013-5.P-5,G1,5,CTGAT-TGCTCAGC
6,FIc006,2013-5.P-6,M,6,GACTAG-ACGCTCG
7,FIc008,2013-5.P-8,G2,7,AGTCACG-GATAAG
8,FIc009,2013-5.P-9,M,8,TCAGTCCA-CTAGG
9,FIc011,2013-5.P-11,G2,1,CGATG-TGTGACCG
10,FIc012,2013-5.P-12,G2,2,GCTAGA-ATCACAC
11,FIc013,2013-5.P-13,M,3,ATGCCGA-CAGCTG
12,FIc014,2013-5.P-14,M,4,TACGCACA-GCATG
13,FIc015,2013-5.P-15,M,5,CTGAT-TGCTCAGC
14,FIc016,2013-5.P-16,G1,6,GACTAG-ACGCTCG
15,FIc017,2013-5.P-17,G1,7,AGTCACG-GATAAG
16,FIc018,2013-5.P-18,G1,8,TCAGTCCA-CTAGG
17,FIc019,2013-5.P-19,G1,1,CGATG-TGTGACCG
18,FIc020,2013-5.P-20,G1,2,GCTAGA-ATCACAC
19,FIc021,2013-5.P-21,M,3,ATGCCGA-CAGCTG
20,FIc022,2013-5.P-22,NF,4,TACGCACA-GCATG
21,FIc023,2013-5.P-23,G1,5,CTGAT-TGCTCAGC
22,FIc024,2013-5.P-24,M,6,GACTAG-ACGCTCG
23,FIc025,2013-5.P-25,G1,7,AGTCACG-GATAAG
24,FIc026,2013-5.P-26,G2,8,TCAGTCCA-CTAGG
25,FIc027,2013-5.P-27,M,1,CGATG-TGTGACCG
26,FIc028,2013-5.P-28,G1,2,GCTAGA-ATCACAC
27,FIc029,2013-5.P-29,G2,3,ATGCCGA-CAGCTG
28,FIc030,2013-5.P-30,G1,4,TACGCACA-GCATG
29,FIc031,2013-5.P-31,G2,5,CTGAT-TGCTCAGC
30,FIc032,2013-5.P-32,M,6,GACTAG-ACGCTCG
31,FIc033,2013-5.P-33,G2,7,AGTCACG-GATAAG
32,FIc035,2013-5.P-35,G1,8,TCAGTCCA-CTAGG
33,FIc036,2013-5.P-36,G1,1,CGATG-TGTGACCG
34,FIc037,2013-5.P-37,G2,2,GCTAGA-ATCACAC
35,FIc038,2013-5.P-38,M,3,ATGCCGA-CAGCTG
36,FIc039,2013-5.P-39,G2,4,TACGCACA-GCATG
37,FIc040,2013-5.P-40,M,5,CTGAT-TGCTCAGC
38,FIc041,2013-5.P-41,G2,6,GACTAG-ACGCTCG
39,FIc042,2013-5.P-42,M,7,AGTCACG-GATAAG
40,FIc043,2013-5.P-43,G1,8,TCAGTCCA-CTAGG
41,FIc044,2013-5.P-44,G2,1,CGATG-TGTGACCG
42,FIc045,2013-5.P-45,M,2,GCTAGA-ATCACAC
43,FIc046,2013-5.P-46,G1,3,ATGCCGA-CAGCTG
44,FIc047,2013-5.P-47,G1,4,TACGCACA-GCATG
45,FIc048,2013-5.P-48,M,5,CTGAT-TGCTCAGC
46,FIc050,2013-5.P-50,G1,6,GACTAG-ACGCTCG
47,FIc051,2013-5.P-51,M,7,AGTCACG-GATAAG
48,FIc053,2013-5.P-53,M,8,TCAGTCCA-CTAGG
49,FIc054,2013-5.P-54,G1,1,CGATG-TGTGACCG
50,FIc055,2013-5.P-55,G1,2,GCTAGA-ATCACAC
51,FIc056,2013-5.P-56,M,3,ATGCCGA-CAGCTG
52,FIc057,2013-5.P-57,M,4,TACGCACA-GCATG
53,FIc058,2013-5.P-58,G1,5,CTGAT-TGCTCAGC
54,FIc059,2013-5.P-59,M,6,GACTAG-ACGCTCG
55,FIc060,2013-5.P-60,G2,7,AGTCACG-GATAAG
56,FIc061,2013-5.P-61,M,8,TCAGTCCA-CTAGG
57,FIc063,2013-5.P-63,M,1,CGATG-TGTGACCG
58,FIc064,2013-5.P-64,G1,2,GCTAGA-ATCACAC
59,FIc065,2013-5.P-65,M,3,ATGCCGA-CAGCTG
60,FIc066,2013-5.P-66,G1,4,TACGCACA-GCATG
61,FIc067,2013-5.P-67,G1,5,CTGAT-TGCTCAGC
62,FIc068,2013-5.P-68,M,6,GACTAG-ACGCTCG
63,FIc069,2013-5.P-69,M,7,AGTCACG-GATAAG
64,FIc070,2013-5.P-70,M,8,TCAGTCCA-CTAGG
65,FIc071,2013-5.P-71,M,1,CGATG-TGTGACCG
66,FIc072,2013-5.P-72,NF,2,GCTAGA-ATCACAC
67,FIc073,2013-5.P-73,NF,3,ATGCCGA-CAGCTG
68,FIc074,2013-5.P-74,M,4,TACGCACA-GCATG
69,FIc075,2013-5.P-75,M,5,CTGAT-TGCTCAGC
70,FIc076,2013-5.P-76,G2,6,GACTAG-ACGCTCG
71,FIc077,2013-5.P-77,G2,7,AGTCACG-GATAAG
72,FIc078,2013-5.P-78,M,8,TCAGTCCA-CTAGG
73,FIc079,2013-5.P-79,M,1,CGATG-TGTGACCG
74,FIc080,2013-5.P-80,bad_G2_perhaps_M,2,GCTAGA-ATCACAC
75,FIc081,2013-5.P-81,M,3,ATGCCGA-CAGCTG
76,FIc082,2013-5.P-82,M,4,TACGCACA-GCATG
77,FIc083,2013-5.P-83,G2,5,CTGAT-TGCTCAGC
78,FIc084,2013-5.P-84,G2,6,GACTAG-ACGCTCG
79,FIc086,2013-5.P-86,G2,7,AGTCACG-GATAAG
80,FIc087,2013-5.P-87,G2,8,TCAGTCCA-CTAGG
81,FIc089,2013-5.P-89,H,1,CGATG-TGTGACCG
82,FIc090,2013-5.P-90,M,2,GCTAGA-ATCACAC
83,FIc091,2013-5.P-91,M,3,ATGCCGA-CAGCTG
84,FIc092,2013-5.P-92,G1,4,TACGCACA-GCATG
85,FIc093,2013-5.P-93,G1,5,CTGAT-TGCTCAGC
86,FIc094,2013-5.P-94,M,6,GACTAG-ACGCTCG
87,FIc096,2013-5.P-96,M,7,AGTCACG-GATAAG
88,FIc097,2013-5.P-97,G2,8,TCAGTCCA-CTAGG
89,FIc098,2013-5.P-98,G2,1,CGATG-TGTGACCG
90,FIc099,2013-5.P-99,M,2,GCTAGA-ATCACAC
91,FIc100,2013-5.P-100,G2,3,ATGCCGA-CAGCTG
92,FIc101,2013-5.P-101,G1,4,TACGCACA-GCATG
93,FIc102,2013-5.P-102,M,5,CTGAT-TGCTCAGC
94,FIc103,2013-5.P-103,G1,6,GACTAG-ACGCTCG
95,FIc104,2013-5.P-104,G2,7,AGTCACG-GATAAG
96,FIc105,2013-5.P-105,G1,8,TCAGTCCA-CTAGG
97,FIc106,2013-5.P-106,G2,1,CGATG-TGTGACCG
98,FIc108,2013-5.P-108,G2,2,GCTAGA-ATCACAC
99,FIc109,2013-5.P-109,G2,3,ATGCCGA-CAGCTG
100,FIc111,2013-5.P-111,M,4,TACGCACA-GCATG
101,FIc112,2013-5.P-112,M,5,CTGAT-TGCTCAGC
102,FIc113,2013-5.P-113,G1,6,GACTAG-ACGCTCG
103,FIp003a,,,7,AGTCACG-GATAAG
104,FIp006a,,,8,TCAGTCCA-CTAGG
105,FIc114,2013-5.P-114,M,1,CGATG-TGTGACCG
106,FIc115,2013-5.P-115,M,2,GCTAGA-ATCACAC
107,FIc116,2013-5.P-116,G1,3,ATGCCGA-CAGCTG
108,FIc117,2013-5.P-117,G2,4,TACGCACA-GCATG
109,FIc118,2013-5.P-118,M,5,CTGAT-TGCTCAGC
110,FIc120,2013-5.P-120,M,6,GACTAG-ACGCTCG
111,FIc121,2013-5.P-121,G2,7,AGTCACG-GATAAG
112,FIc122,2013-5.P-122,G1,8,TCAGTCCA-CTAGG
113,FIc123,2013-5.P-123,M,1,CGATG-TGTGACCG
114,FIc124,2013-5.P-124,G1,2,GCTAGA-ATCACAC
115,FIc125,2013-5.P-125,M,3,ATGCCGA-CAGCTG
116,FIc126,2013-5.P-126,G2,4,TACGCACA-GCATG
117,FIc127,2013-5.P-127,G2,5,CTGAT-TGCTCAGC
118,FIc128,2013-5.P-128,M,6,GACTAG-ACGCTCG
119,FIc129,2013-5.P-129,M,7,AGTCACG-GATAAG
120,FIc130,2013-5.P-130,M,8,TCAGTCCA-CTAGG
121,FIc131,2013-5.P-131,G2,1,CGATG-TGTGACCG
122,FIc132,2013-5.P-132,M,2,GCTAGA-ATCACAC
123,FIc133,2013-5.P-133,M,3,ATGCCGA-CAGCTG
124,FIc134,2013-5.P-134,M,4,TACGCACA-GCATG
125,FIc135,2013-5.P-135,G2,5,CTGAT-TGCTCAGC
126,FIc136,2013-5.P-136,G2,6,GACTAG-ACGCTCG
127,FIc137,2013-5.P-137,G2,7,AGTCACG-GATAAG
128,FIc138,2013-5.P-138,M,8,TCAGTCCA-CTAGG
129,FIc139,2013-5.P-139,G1,1,CGATG-TGTGACCG
130,FIc140,2013-5.P-140,M,2,GCTAGA-ATCACAC
131,FIc141,2013-5.P-141,M,3,ATGCCGA-CAGCTG
132,FIc142,2013-5.P-142,M,4,TACGCACA-GCATG
133,FIc143,2013-5.P-143,M,5,CTGAT-TGCTCAGC
134,FIc144,2013-5.P-144,G2,6,GACTAG-ACGCTCG
135,FIc145,2013-5.P-145,M,7,AGTCACG-GATAAG
136,FIc147,2013-5.P-147,G2,8,TCAGTCCA-CTAGG
137,FIc148,2013-5.P-148,G2,1,CGATG-TGTGACCG
138,FIc149,2013-5.P-149,G1,2,GCTAGA-ATCACAC
139,FIc150,2013-5.P-150,G2,3,ATGCCGA-CAGCTG
140,FIc151,2013-5.P-151,G1,4,TACGCACA-GCATG
141,FIc152,2013-5.P-152,G1,5,CTGAT-TGCTCAGC
142,FIc153,2013-5.P-153,G1,6,GACTAG-ACGCTCG
143,FIc154,2013-5.P-154,G2,7,AGTCACG-GATAAG
144,FIc155,2013-5.P-155,G2,8,TCAGTCCA-CTAGG
145,FIc156,2013-5.P-156,G2,1,CGATG-TGTGACCG
146,FIc158,2013-5.P-158,M,2,GCTAGA-ATCACAC
147,FIc159,2013-5.P-159,M,3,ATGCCGA-CAGCTG
148,FIc160,2013-5.P-160,G1,4,TACGCACA-GCATG
149,FIc161,2013-5.P-161,M,5,CTGAT-TGCTCAGC
150,FIc162,2013-5.P-162,G2,6,GACTAG-ACGCTCG
151,FIc163,2013-5.P-163,G2,7,AGTCACG-GATAAG
152,FIc164,2013-5.P-164,G1,8,TCAGTCCA-CTAGG
153,FIc165,2013-5.P-165,M,1,CGATG-TGTGACCG
154,FIc166,2013-5.P-166,M,2,GCTAGA-ATCACAC
155,FIc167,2013-5.P-167,G1,3,ATGCCGA-CAGCTG
156,FIc168,2013-5.P-168,M,4,TACGCACA-GCATG
157,FIc169,2013-5.P-169,G2,5,CTGAT-TGCTCAGC
158,FIc170,2013-5.P-170,G2,6,GACTAG-ACGCTCG
159,FIc171,2013-5.P-171,G2,7,AGTCACG-GATAAG
160,FIc172,2013-5.P-172,G1,8,TCAGTCCA-CTAGG
161,FIc173,2013-5.P-173,G1,1,CGATG-TGTGACCG
162,FIc174,2013-5.P-174,M,2,GCTAGA-ATCACAC
163,FIc176,2013-5.P-176,G1,3,ATGCCGA-CAGCTG
164,FIc177,2013-5.P-177,M,4,TACGCACA-GCATG
165,FIc178,2013-5.P-178,G1,5,CTGAT-TGCTCAGC
166,FIc179,2013-5.P-179,G2,6,GACTAG-ACGCTCG
167,FIc180,2013-5.P-180,M,7,AGTCACG-GATAAG
168,FIc181,2013-5.P-181,M,8,TCAGTCCA-CTAGG
169,FIc183,2013-5.P-183,M,1,CGATG-TGTGACCG
170,FIc184,2013-5.P-184,M,2,GCTAGA-ATCACAC
171,FIc186,2013-5.P-186,G2,3,ATGCCGA-CAGCTG
172,FIc187,2013-5.P-187,M,4,TACGCACA-GCATG
173,FIc188,2013-5.P-188,NF,5,CTGAT-TGCTCAGC
174,FIc189,2013-5.P-189,G2,6,GACTAG-ACGCTCG
175,FIc190,2013-5.P-190,G2,7,AGTCACG-GATAAG
176,FIc191,2013-5.P-191,M,8,TCAGTCCA-CTAGG
177,FIc192,2013-5.P-192,M,1,CGATG-TGTGACCG
178,FIc193,2013-5.P-193,G1,2,GCTAGA-ATCACAC
179,FIc194,2013-5.P-194,G1,3,ATGCCGA-CAGCTG
180,FIc195,2013-5.P-195,G2,4,TACGCACA-GCATG
181,FIc196,2013-5.P-196,G1,5,CTGAT-TGCTCAGC
182,FIc197,2013-5.P-197,M,6,GACTAG-ACGCTCG
183,FIc198,2013-5.P-198,M,7,AGTCACG-GATAAG
184,FIc199,2013-5.P-199,G1,8,TCAGTCCA-CTAGG
185,FIc1110,2013-5.P-1110,G1,1,CGATG-TGTGACCG
186,FIc201,2013-5.P-201,M,2,GCTAGA-ATCACAC
187,FIc202,2013-5.P-202,G2,3,ATGCCGA-CAGCTG
188,FIc203,2013-5.P-203,G1,4,TACGCACA-GCATG
189,FIc204,2013-5.P-204,G1,5,CTGAT-TGCTCAGC
190,FIc206,2013-5.P-206,G1,6,GACTAG-ACGCTCG
191,FIc207,2013-5.P-207,M,7,AGTCACG-GATAAG
192,FIc208,2013-5.P-208,M,8,TCAGTCCA-CTAGG
193,FIc209,2013-5.P-209,G2,1,CGATG-TGTGACCG
194,FIc210,2013-5.P-210,G1,2,GCTAGA-ATCACAC
195,FIc211,2013-5.P-211,G1,3,ATGCCGA-CAGCTG
196,FIc212,2013-5.P-212,G2,4,TACGCACA-GCATG
197,FIc213,2013-5.P-213,M,5,CTGAT-TGCTCAGC
198,FIc214,2013-5.P-214,G2,6,GACTAG-ACGCTCG
199,FIc215,2013-5.P-215,G2,7,AGTCACG-GATAAG
200,FIc216,2013-5.P-216,M,8,TCAGTCCA-CTAGG
201,FIc217,2013-5.P-217,G2,1,CGATG-TGTGACCG
202,FIc218,2013-5.P-218,G2,2,GCTAGA-ATCACAC
203,FIc219,2013-5.P-219,M,3,ATGCCGA-CAGCTG
204,FIc220,2013-5.P-220,M,4,TACGCACA-GCATG
205,FIc221,2013-5.P-221,M,5,CTGAT-TGCTCAGC
206,FIc222,2013-5.P-222,H,6,GACTAG-ACGCTCG
207,FIp003b,,,7,AGTCACG-GATAAG
208,FIp006b,,,8,TCAGTCCA-CTAGG
